	family	median_log2FC	p_MWU	n_genes
0	SLC	0.11937222301963724	2.4457452326815543e-05	300
1	EIF	-0.06304765492085007	0.0042034544483738985	52
3	Ribosomal_mito	-0.1634172252010142	2.440978171233394e-09	79
2	Ribosomal_cyt	-0.4031584524852807	2.9313518980227426e-20	112
